{"count":1,"self":76.5268736,"total":79.8435107,"children":{"CommunicateWithPython":{"count":123,"self":0.0433867,"total":3.1883201999999997,"children":{"UnityPythonCommunication":{"count":123,"self":3.125454,"total":3.1254538999999997,"children":null},"MemoryRead":{"count":121,"self":0.0049029,"total":0.0049029,"children":null},"AgentUpdateMovement":{"count":121,"self":0.0145767,"total":0.0145767,"children":null}}},"AgentUpdateObservations":{"count":122,"self":0.1087818,"total":0.1273201,"children":{"MemoryWrite":{"count":122,"self":0.0185383,"total":0.0185383,"children":null}}}}}