{"count":1,"self":2.8823939999999997,"total":6.442418,"children":{"AgentSendState":{"count":341,"self":0.2469292,"total":0.68730039999999992,"children":{"CollectObservations":{"count":34100,"self":0.44037119999999996,"total":0.44037119999999996,"children":null}}},"DecideAction":{"count":341,"self":0.021966899999999998,"total":2.7909162,"children":{"MemoryWrite":{"count":341,"self":0.0703274,"total":0.0703274,"children":null},"UnityPythonCommunication":{"count":341,"self":2.6716064,"total":2.6716063,"children":null},"MemoryRead":{"count":341,"self":0.027015599999999997,"total":0.027015599999999997,"children":null}}},"AcademyStep":{"count":341,"self":0.0021682,"total":0.0021682,"children":null},"AgentAct":{"count":341,"self":0.0786424,"total":0.0786424,"children":null}}}