{"count":1,"self":7.479832,"total":19.5207229,"children":{"AgentSendState":{"count":251,"self":0.6380481,"total":1.2270740999999998,"children":{"CollectObservations":{"count":100400,"self":0.58902599999999994,"total":0.58902599999999994,"children":null}}},"DecideAction":{"count":251,"self":0.017961599999999998,"total":10.6825993,"children":{"AgentInfo.ToProto":{"count":251,"self":0.73630069999999992,"total":0.73630069999999992,"children":null},"UnityPythonCommunication":{"count":251,"self":9.9283368,"total":9.9283369999999991,"children":null}}},"AcademyStep":{"count":251,"self":0.0029917999999999998,"total":0.0029917999999999998,"children":null},"AgentAct":{"count":251,"self":0.1262309,"total":0.1262309,"children":null}}}