{"count":1,"self":21.8899968,"total":26.9038576,"children":{"AgentUpdateObservations":{"count":1185,"self":0.5857487,"total":0.5857487,"children":null},"DecideAction":{"count":1185,"self":0.1368,"total":4.2485278,"children":{"MemoryWrite":{"count":1185,"self":0.1449058,"total":0.1449058,"children":null},"UnityPythonCommunication":{"count":1185,"self":3.8323904,"total":3.8323902999999997,"children":null},"MemoryRead":{"count":1185,"self":0.1344317,"total":0.1344317,"children":null}}},"AcademyStep":{"count":1184,"self":0.012116799999999999,"total":0.012116799999999999,"children":null},"AgentUpdateMovement":{"count":1184,"self":0.16550769999999998,"total":0.16550769999999998,"children":null}}}