{"count":1,"self":1.1919826999999998,"total":6.5649101,"children":{"AgentSendState":{"count":77,"self":0.054556299999999995,"total":0.17855549999999998,"children":{"CollectObservations":{"count":7700,"self":0.12399919999999999,"total":0.12399919999999999,"children":null}}},"DecideAction":{"count":77,"self":0.0049813999999999995,"total":2.7427713,"children":{"AgentInfo.ToProto":{"count":77,"self":0.0039885,"total":0.0039885,"children":null},"UnityPythonCommunication":{"count":77,"self":2.7338014,"total":2.7338014,"children":null}}},"AcademyStep":{"count":77,"self":0,"total":0,"children":null},"AgentAct":{"count":77,"self":2.4506031999999998,"total":2.4506033,"children":null}}}