{"count":1,"self":4.9059532,"total":14.789276699999998,"children":{"AgentSendState":{"count":576,"self":1.6501473,"total":6.3860839,"children":{"CollectObservations":{"count":230400,"self":4.7359368,"total":4.7359366,"children":null}}},"DecideAction":{"count":576,"self":0.037093,"total":3.0932041999999997,"children":{"MemoryWrite":{"count":576,"self":0.0469024,"total":0.0469024,"children":null},"UnityPythonCommunication":{"count":576,"self":2.9162296,"total":2.9162296,"children":null},"MemoryRead":{"count":576,"self":0.0929792,"total":0.0929792,"children":null}}},"AcademyStep":{"count":576,"self":0.0031219999999999998,"total":0.0031219999999999998,"children":null},"AgentAct":{"count":576,"self":0.3999157,"total":0.3999157,"children":null}}}