{"count":1,"self":2.3625982,"total":5.5266734999999994,"children":{"AgentUpdateObservations":{"count":261,"self":0.2003568,"total":0.5684163,"children":{"CollectObservations":{"count":26100,"self":0.3680595,"total":0.3680595,"children":null}}},"DecideAction":{"count":261,"self":0.0197573,"total":2.5423579999999997,"children":{"MemoryWrite":{"count":261,"self":0.019932699999999998,"total":0.019932699999999998,"children":null},"UnityPythonCommunication":{"count":261,"self":2.4829802,"total":2.4829802,"children":null},"MemoryRead":{"count":261,"self":0.0196878,"total":0.0196878,"children":null}}},"AcademyStep":{"count":261,"self":0.0009733,"total":0.0009733,"children":null},"AgentUpdateMovement":{"count":261,"self":0.0513294,"total":0.0513294,"children":null}}}