{"count":1,"self":10.450397599999999,"total":36.9762797,"children":{"AgentResetIfDone":{"count":1536,"self":0.0347663,"total":0.0347663,"children":null},"AgentSendState":{"count":1536,"self":1.755226,"total":2.9764177999999997,"children":{"CollectObservations":{"count":153501,"self":1.2211916999999999,"total":1.2211916999999999,"children":null}}},"DecideAction":{"count":1535,"self":0.1497741,"total":23.3182305,"children":{"AgentInfo.ToProto":{"count":1535,"self":0.8167888,"total":0.8167888,"children":null},"UnityPythonCommunication":{"count":1535,"self":22.351667199999998,"total":22.3516676,"children":null}}},"AcademyStep":{"count":1535,"self":0.0110525,"total":0.0110525,"children":null},"AgentAct":{"count":1535,"self":0.1844429,"total":0.1844429,"children":null}}}