{"count":1,"self":1.8106084,"total":4.7089466,"children":{"AgentSendState":{"count":85,"self":0.068082099999999993,"total":0.1885421,"children":{"CollectObservations":{"count":8500,"self":0.12046,"total":0.12046,"children":null}}},"DecideAction":{"count":85,"self":0.0089416,"total":2.6877662,"children":{"MemoryWrite":{"count":85,"self":0.0099178,"total":0.0099178,"children":null},"UnityPythonCommunication":{"count":85,"self":2.6489368,"total":2.6489366999999997,"children":null},"MemoryRead":{"count":85,"self":0.019970099999999998,"total":0.019970099999999998,"children":null}}},"AcademyStep":{"count":85,"self":0.0019944,"total":0.0019944,"children":null},"AgentAct":{"count":85,"self":0.0180412,"total":0.0180412,"children":null}}}