{"count":1,"self":2.2273392,"total":6.4923699999999993,"children":{"AgentSendState":{"count":359,"self":0.057763499999999995,"total":0.0917144,"children":{"CollectObservations":{"count":3940,"self":0.0339509,"total":0.0339509,"children":null}}},"DecideAction":{"count":358,"self":0.015988099999999998,"total":4.1563538,"children":{"AgentInfo.ToProto":{"count":358,"self":0.026906299999999998,"total":0.026906299999999998,"children":null},"UnityPythonCommunication":{"count":358,"self":4.1134591999999994,"total":4.1134594,"children":null}}},"AcademyStep":{"count":358,"self":0.0009971,"total":0.0009971,"children":null},"AgentAct":{"count":358,"self":0.0149685,"total":0.0149685,"children":null}}}